{"994210179268_\u9633\u8c37\u7c73": 1750925147.7779098, "995206067625_\u767d\u8272": 1750925241.9208965}